"","X1","X2"
"1",0.052436320372296,0.0136934414103277
"2",-0.199118242570365,0.110839670437056
"3",0.257257805605084,-0.0783208695342054
"4",0.0525044188077415,-0.0142705099108494
"5",0.121773141421092,0.11564536919242
"6",0.0342258574130636,-0.00789531622121658
"7",0.0383438032461606,0.122231723790618
"8",-0.0566267130872383,0.0735275078422134
"9",-0.0547537816883193,-0.00573382642144618
"10",-0.051497924741376,0.029420831759759
"11",-0.151163303319452,0.0705301497828272
"12",-0.0111730815181328,-0.104899739748914
"13",-0.04088197631453,0.0975405674188916
"14",-0.0545057601180491,-0.194160408850487
"15",-0.0492864740890871,-0.00543680130663499
"16",0.0393645003587319,-0.0178177567975617
"17",-0.090844006909654,-0.192907395667104
"18",0.0602866694375011,0.02499360949533
"19",0.12726328997024,-0.131157514586644
"20",-0.0132069086592914,-0.178496444083541
"21",-0.0920585375660407,0.069442852961906
"22",0.038120263449691,-0.00587395352083305
"23",-0.049177347429469,0.0390851351722498
"24",-0.102724726294249,-0.213555249097419
"25",0.239132241861315,0.0390475149209287
"26",0.170886986049798,-0.0222565227933959
"27",-0.198785520925807,-0.0352991859907202
"28",0.066867154242297,0.0443082290020117
"29",0.0880131743996516,-0.0965267935724876
"30",0.0350611664910217,0.101597854384598
"31",-0.0992608859262046,0.0874971287602984
"32",0.162040848501877,0.0326355211175951
"33",-0.115201187977044,-0.112911916990923
"34",-0.01159032542765,-0.0305627667004837
"35",0.140491837266637,-0.116172062772032
"36",-0.0455728853542801,-0.00655639257105136
"37",0.00145379874199187,0.045001692293789
"38",0.0705852244479659,-0.135298161257136
"39",-0.0210106217802976,-0.0205475262333812
"40",0.137090234828697,-0.0211829156156646
"41",-0.0473459851867433,0.0491916583898651
"42",0.100474435112707,0.0805123837404721
"43",0.107967920718614,-0.0253524232109209
"44",-0.0837974804159376,0.17433815617041
"45",0.0827673550784198,0.124173385382476
"46",0.0721873320697273,0.03165776773249
"47",-0.0488000316745839,0.0511343464221476
"48",0.101641213606688,0.0758158617729337
"49",-0.0998993479694077,0.0368205978695351
"50",-0.0498252114823844,-0.210427553240252
"51",0.16096987716641,0.0546430329353868
"52",0.108135153353208,-0.0479500326567199
"53",-0.132818973515313,-0.0325554986890436
"54",-0.0326214923418303,-0.0221704629095723
"55",0.0458580040179924,-0.0844078883173174
"56",-0.171905111461613,-0.119951783911062
"57",-0.0353598064672508,-0.10622369688496
"58",0.0657325978804853,-0.178990114665885
"59",0.156774942426131,0.118433743390263
"60",0.0514375819923643,0.0817602146821867
"61",0.0153535358679769,0.00937965331008505
"62",0.163190347647192,0.0734738702762814
"63",-0.0685488964032915,-0.00439280040235588
"64",-0.185184040526256,0.164549385183279
"65",0.104334864223963,-0.0136668949880678
"66",-0.0600291937832871,-0.16208511345438
"67",0.0148846178461036,0.128406631888784
"68",-0.0474552376095624,-0.272095701003207
"69",-0.0770111823624066,0.0790439304446487
"70",-0.185388778967136,0.0900256578816531
"71",0.0202697657675577,-0.0903405302463726
"72",-0.130202176972504,-0.0983636883097173
"73",0.0158519123732724,0.0182868747952976
"74",0.036351712123425,0.0974836306597859
"75",-0.189931541703823,-0.0501602853783168
"76",0.0604178961177297,0.0358073261715874
"77",-0.15735653303161,-0.111138774243935
"78",0.00922863571087556,0.159154921378244
"79",0.0397882127202018,-0.0779774738587913
"80",-0.0293056351873226,0.0880786637298113
"81",-0.0447716488369501,0.0849581711583134
"82",0.0250881042133014,-0.00245275087961239
"83",-0.0577707998075081,-0.113101433857278
"84",0.0558910034794519,0.0718104768005103
"85",0.13705390801828,0.00106800535300404
"86",-0.206489623250484,0.120314428404794
"87",-0.0291192264229074,-0.0726149023158292
"88",-0.0296665809920994,0.00530731331605835
"89",0.0523815980194532,0.000855176814155794
"90",0.0681519256118915,-0.0245270497849878
"91",-0.00834070069613333,-0.0414622513253967
"92",-0.0525509183209033,0.146946058995045
"93",-0.0295157728611781,-0.0489021446447658
"94",-0.00390330098192753,-0.0598348786581483
"95",-0.0230210957385519,-0.0402533641087352
"96",-0.171138047640062,-0.187630921390784
"97",0.214980987970938,-0.0713571683637787
"98",-0.0125673430378238,-0.0139037265579012
"99",-0.0988721239159357,0.0602809532868228
"100",0.0615846616116878,0.00569758509147007
"101",-0.0293836027850553,-0.159007066297518
"102",-0.170782626675129,0.037483121139837
"103",0.0994003849877217,0.0562178483085665
"104",0.0291850812381651,-0.0883409111323855
"105",-0.136589600301387,-0.125972565364312
"106",-0.130338015185313,0.140813900821548
"107",-0.0511048746305585,0.045746055816096
"108",0.0111198127371483,0.0104052418082249
"109",-0.01656541082295,-0.00768857254144439
"110",-0.17745628587846,-0.15198920192857
"111",-0.0465186008586619,-0.0784429390118222
"112",-0.0793128495745569,0.0101033892063561
"113",-0.0652570541847143,0.0646161922689481
"114",0.114932540283846,0.126307188981191
"115",-0.0740851683168869,0.10002298127434
"116",-0.00454433314536338,0.0544984215443683
"117",-0.131330778044191,0.0857925615885409
"118",-0.026968183370351,-0.119319004248031
"119",-0.270872671666189,-0.0748376615704569
"120",-0.0951999484290243,0.0740182094248618
"121",-0.102657411991973,0.0683942912086986
"122",0.0485187041240988,0.0704327025435991
"123",-0.0398114993656579,0.0607416680149832
"124",0.144318399023563,0.0391316195139385
"125",0.0105213219928097,0.00670712486800569
"126",0.162652208679431,-0.0414684308360018
"127",0.182936806924902,-0.183487710122682
"128",0.0501859409468986,0.140674893488764
"129",-0.0867875751634736,0.0586213699858401
"130",-0.149525067467021,0.0598529462408402
"131",0.0106826361208461,0.048191409044809
"132",0.0249574915913139,-0.107200227116475
"133",-0.0936720017773938,0.0327442729063175
"134",-0.0923426424476172,0.0437720361627258
"135",0.0680216519845318,-0.0703554873743513
"136",0.122084335622984,0.0772482042402638
"137",-0.156154031939378,0.0600647674972212
"138",0.184383759375074,-0.0969132058716642
"139",0.0822915012093368,-0.0248527601942606
"140",0.0409750437945203,-0.00623322951335022
"141",0.0713010790067208,0.0935845546060719
"142",0.0138175460632791,-0.159322343458728
"143",-0.101875506605712,0.106057181514633
"144",0.0103332852163941,-0.175973301087602
"145",0.0212678244669823,-0.168342503215984
"146",-0.0350642312082555,-0.0214784969349509
"147",0.0733852552424278,0.158190225186242
"148",0.0120371282617054,0.128683251251863
"149",0.00265028630120665,0.0258559003043574
"150",0.0246413457860264,-0.108898499181074
"151",0.073727792371667,-0.0989854567412825
"152",0.0753853228592257,0.0246572891340097
"153",-0.0402342377946206,-0.0328361855999612
"154",-1.86114093069352e-05,-0.0695454589486763
"155",-0.0569844376765184,-0.0996773046926558
"156",0.0195359760131992,-0.0374523415085591
"157",-0.00157940076371518,0.0488894785137497
"158",0.153775369109973,0.115750677690447
"159",0.167835127689285,0.12550274343892
"160",-0.0799386192648006,-0.0922506037134087
"161",0.0861549937022127,0.0348530450571596
"162",-0.0431494745330108,0.124818621575146
"163",-0.0699630183751211,0.0423140372175582
"164",-0.0276793152688654,0.0782268011441953
"165",-0.22296945269042,-0.0187026916578557
"166",0.204816253122508,-0.0773419023613333
"167",0.0852537874882512,-0.0871287207828538
"168",-0.0881650279086401,-0.0698226958411887
"169",-0.0538043510002869,0.0174806853344535
"170",-0.0514179397699169,0.193637166187591
"171",0.0334005654443132,-0.0536986197879824
"172",0.148572727111858,-0.116959412072235
"173",-0.00621407586771194,0.0721652380302679
"174",0.0369375877566139,0.0372150510975136
"175",-0.0029706913453492,-0.118715506306406
"176",-0.0283135178997677,-0.134874245237657
"177",-0.13123335938441,-0.00840117257526725
"178",-0.0476187266431641,-0.150830772298487
"179",0.0219800931540954,0.0733160020942962
"180",-0.0425439349417829,-0.0399794450474118
"181",0.063059983223879,0.19739756397114
"182",-0.0334699662719196,0.00326620097706476
"183",0.100375774853257,-0.123661212357577
"184",-0.145865771299117,0.0610389933135213
"185",-0.076621144163878,-0.0116232798474696
"186",-0.00483555331271626,-0.0572172145674366
"187",0.191455340026444,-0.023711890234056
"188",0.115212856768281,-0.00353111607004962
"189",-0.00709027111676393,-0.0117818455120125
"190",0.0280274377301819,0.0869806401152789
"191",0.0497279245333808,0.0485302587482443
"192",-0.0339684479966998,0.0941300766006252
"193",-0.017319316307004,0.0420773847659856
"194",-0.102607573931658,0.0132037433299788
"195",0.0472070129761862,0.100139636033977
"196",-0.0667600271723144,-0.0515978253028004
"197",-0.0352366117550231,-0.102632985363894
"198",0.0942340526537188,0.0710133457522687
"199",0.166615856663283,-0.0465255809960182
"200",-0.0185794124597653,0.00492110192662749
"201",0.0112938399143143,0.0353376982569123
"202",0.0263046191588134,0.0257424675011817
"203",0.0600799151385812,0.0971601974968138
"204",0.0939283887648716,-0.0348266542974285
"205",0.18829965249119,-0.0561869298347742
"206",0.0668523333389815,0.151211869186663
"207",-0.0418809740924987,0.147760229897098
"208",-0.0922046616124708,0.189845679305684
"209",0.0396379650874053,0.198718387992102
"210",-0.00758535268167356,-0.157638891935203
"211",-0.0726409404981832,0.0290370130239574
"212",-0.044884815581989,0.0378127359228409
"213",0.00872553007333833,0.0381091293460903
"214",0.0331365182521206,-0.0840070713267031
"215",-0.0287534159942165,-0.137644077994535
"216",-0.223992909976473,-0.0825243126468099
"217",-0.0550525306704539,-0.0304940145399183
"218",-0.129398077937178,0.0443954250409636
"219",-0.00608698944737604,-0.0864407672043512
"220",0.0164186831918155,-0.194588290203848
"221",-0.139140641099124,0.0601090182169239
"222",-0.0286019371240532,-0.0481401768118053
"223",0.0154664587810664,-0.0692388477848679
"224",-0.0544522990491213,0.0251854031097498
"225",-0.145050184826808,0.170073621028549
"226",0.136129427780074,0.0670155975837915
"227",0.0727195687938101,0.0604933318246962
"228",-0.0675609030805183,0.0240464212551006
"229",0.0755683609272543,0.145522137013242
"230",0.0444117449631953,-0.0694700038870093
"231",0.0224749145856923,0.0405902897704844
"232",0.0171932593967361,0.0442852488164766
"233",0.115072757814564,-0.111442187666283
"234",-0.188137449519763,-0.0650717933616149
"235",0.209085241529832,-0.000700949137295411
"236",-0.0895251576046918,0.074437213518746
"237",-0.0013832623098063,-0.086344478055832
"238",-0.0258731118338458,0.0534106266852839
"239",0.0593488288123418,-0.00424685201795349
"240",0.0344739694266733,-0.178843521313292
"241",-0.10424213500299,-0.0227289231934092
"242",0.125946616627263,-0.0089487903426538
"243",0.139541469935603,-0.0297454018735636
"244",0.0664275415421476,-0.0186681175558928
"245",-0.118860411449553,0.176179871380968
"246",0.0313391328656722,0.0766695686500324
"247",0.0788609408326947,-0.0509362314056592
"248",-0.0295045021439549,0.0768443216687717
"249",-0.0830234902391537,0.16711187283513
"250",-0.0625404487282874,0.100321214727399
"251",0.116249814152115,0.0802127247763922
"252",-0.00377556917027065,0.0139795540584502
"253",-0.0330930944294608,0.0865178732728482
"254",-0.128144857100071,0.0700351018712039
"255",0.0375045870885573,-0.261983169086494
"256",0.104094784553306,0.0574755239592611
"257",-0.111988344031019,-0.0822413553204405
"258",-0.0374095578842454,0.064627559101281
"259",-0.0530884816848335,0.175700359865639
"260",0.0605180997519506,-0.142492271190724
"261",-0.254288206752772,0.158387210858032
"262",-0.070274349365283,-0.00920686547309509
"263",0.146734499630528,0.0976622135335792
"264",0.12506156308487,-0.0290573672079626
"265",0.0590298284642704,-0.0632772616905731
"266",0.0080388127473848,0.0651422330166554
"267",0.170803339460086,-0.196983863135716
"268",-0.0320293349577232,-0.0652206543826602
"269",-0.0855102251498586,0.0305538305692583
"270",-0.00403366344626418,0.079818523282664
"271",-0.0615211500125169,0.110890567248237
"272",-0.0523344880916544,0.0329115588781473
"273",0.0409217295982459,0.0232065465537865
"274",-0.0116359981166053,0.0383864968308591
"275",0.0767766766203879,-0.00398562836948568
"276",-0.139563553953566,0.140245890533296
"277",-0.0343530144497756,-0.0287856386424145
"278",-0.113768208671917,-0.0804615206563443
"279",0.158015163664442,-0.145826095916517
"280",-0.359287040217136,-0.196104493941706
"281",-0.0745876949541314,0.0314575766081913
"282",-0.217991896466171,0.0332611856397224
"283",0.0141761708370055,0.0918548565768401
"284",-0.0909698557496618,0.0112349547260318
"285",-0.209671110502449,0.0771183151353725
"286",0.13427237841457,-0.0517524641914942
"287",0.0211414208124836,-0.188046404459761
"288",-0.0818506262249429,0.0188491553221287
"289",0.0210864960133342,0.0734795821912941
"290",0.00681066012255278,-0.0701814676286502
"291",-0.0315287966764389,0.0912104528430726
"292",0.0784861097887273,-0.173520594325637
"293",0.0115890438996453,0.0364985901159105
"294",-0.0487718765211535,-0.106900864939165
"295",0.00840005770379874,-0.0479973768261571
"296",0.151035911310511,0.122204522634854
"297",0.0169994452036975,-0.126651689406422
"298",-0.00906395310454189,0.143777548226924
"299",-0.00642236748005155,0.121261678133715
"300",0.0355133751977377,0.0423336355033312
"301",0.146077631858362,-0.0416178223480268
"302",-0.244228224848843,0.0795322430970831
"303",-0.145629673285127,0.044582194416668
"304",-0.0178631691724629,-0.197113073259092
"305",-0.0460558189720305,0.0801824433326613
"306",0.00318106964837995,-0.101835674956284
"307",0.117065915958401,0.0233808882151593
"308",0.0995288279324365,-0.125048632844222
"309",0.0782440773749085,-0.0811199287238803
"310",0.101048981168538,-0.140685732993323
"311",0.163757116296568,-0.0677226198264482
"312",0.066763234332745,-0.0176509711379641
"313",-0.0435730467973171,0.0655485105788832
"314",-0.217082685300596,0.178267053129153
"315",-0.135295996279453,0.121852623846857
"316",0.0478041709247865,0.00385038651209567
"317",0.124003130449128,0.184936155649908
"318",-0.214396141356638,0.0422148732117714
"319",0.0803089211654523,-0.0597266485705389
"320",-0.0307591516692813,-0.0736898588783394
"321",-0.156136229806429,0.153313657500086
"322",0.0131146469943407,0.10123100234625
"323",-0.0116790126672777,0.0505022771672865
"324",-0.101024593082743,-0.0840966394885628
"325",0.155734619621565,-0.0654039220080625
"326",-0.0621021497774326,0.00176235170244535
"327",-0.0479637727658149,-0.00139442826882318
"328",0.0309347601657388,-0.0868693399903086
"329",0.0234605096192556,0.104758208007244
"330",0.0121974720422754,0.0561189458014948
"331",-0.0243442147936876,-0.0932894962915098
"332",0.103335769864601,-0.0468302804744426
"333",-0.0384836953263079,-0.0623917735870006
"334",-0.0183590017210747,0.0284191268182691
"335",0.0249927629090212,0.00667815826648158
"336",-0.112356907412828,-0.00330237542117866
"337",-0.108026498492089,0.11858287091595
"338",-0.0508770499575904,0.0512251247766098
"339",-0.100808034554787,-0.0493131914883129
"340",-0.131834772149577,0.0969415123646826
"341",0.0519158631145542,-0.00533647418845368
"342",0.160766030880962,-0.237260664390384
"343",0.00478823853673245,-0.0848348871515297
"344",0.00242464762281565,-0.0201661159153945
"345",-0.0229961543441735,0.142270863731703
"346",0.12046883356799,-0.00100662830344478
"347",-0.0978968862756859,0.0443067435305337
"348",-0.0268611128803197,0.0609372311074874
"349",-0.0856621296652561,-0.0403802687973512
"350",-0.165756234232765,0.0898468795841273
"351",-0.144249604550802,-0.0603771380760784
"352",0.122184105374635,-0.0415416995653572
"353",0.156858475654603,-0.0712326937704075
"354",0.132465032515212,0.0798554634791922
"355",-0.0729230116420842,0.08154910679076
"356",0.0619868664761808,0.0271433964188889
"357",-0.0405997209714295,0.0959515268771148
"358",-0.101160742773965,-0.0313277005367303
"359",-0.00566578559743363,0.0946808335060118
"360",-0.0212631434667182,0.160939430936668
"361",0.148627313638925,-0.259211084763769
"362",0.169275790044881,0.00712304813880054
"363",-0.122887720204733,-0.134045473204378
"364",0.0398643674893958,-0.122763369584994
"365",0.10799186012484,-0.0115259605083481
"366",0.126923653812851,-0.0488631691200174
"367",0.0647661197378625,0.211286111011359
"368",-0.0540501983119384,0.0405828208198494
"369",-0.0381656510577036,-0.0568479098406441
"370",0.15190438454344,-0.0901578830267674
"371",0.131754186791279,-0.120152109191366
"372",-0.170431986205587,-0.0146368378897902
"373",-0.0319791823754172,0.0783546332119142
"374",0.0101116614715947,0.0933537078908493
"375",-0.0395275708673108,0.0875181652043112
"376",-0.143884876722681,-0.109387348825472
"377",-0.132157533392585,0.01345761411093
"378",0.0963586848970645,0.051459355746726
"379",-0.107172368930418,-0.0665882945715141
"380",0.153815791559091,-0.0183620669209178
"381",-0.0836424273784538,-0.162609620546105
"382",0.0546753920257031,0.166429917104823
"383",0.0430601696570581,0.0754949512215742
"384",0.238893438158259,0.228142534470736
"385",0.0523830472119202,-0.0614133264203237
"386",-0.066783694107184,-0.0903335208491469
"387",-0.0285825759653943,-0.033483484147003
"388",-0.0807482072789853,0.00141961418002831
"389",-0.0405397180163779,0.129653254346784
"390",0.013447174278125,0.0668158915415929
"391",-0.267328658902186,-0.0635769412419199
"392",-0.141701938925128,0.0228249045971023
"393",-0.330559865418796,-0.0208131101587686
"394",0.118192526493394,0.0438535896980711
"395",-0.0535568230762913,0.0705043247822794
"396",-0.0217170593590716,-0.0905528854430039
"397",-0.0667443178397143,-0.138535149873062
"398",-0.0347585465945808,-0.149005692337253
"399",-0.105087528640193,-0.152557344524455
"400",-0.015232080510671,-0.0385992611227818
"401",-0.149323761782706,-0.0586498252358901
"402",-0.107233282891372,-0.0760471694991445
"403",-0.095974158024054,0.0119496136787519
"404",-0.0879561548126326,0.0725425635435426
"405",-0.0521819579298084,0.0537090588313945
"406",0.061412949527533,-0.0818749033404733
"407",0.0114607354529437,0.0611719452056765
"408",-0.0827372696413704,-0.0207131063271181
"409",-0.0283514722805075,-0.15535908398341
"410",0.101022653655074,-0.148219375397586
"411",-0.0249725740301254,-0.0204372274720777
"412",-0.0963263663543605,0.0160813505785397
"413",0.115914615644311,-0.0792306524847303
"414",-0.0717656967606424,-0.0307191626267648
"415",-0.226943775692833,-0.0281363125899741
"416",-0.0682931773877092,0.0479639651556814
"417",0.307226751519168,-0.103301734317861
"418",-0.148000051035088,-0.00119270377397735
"419",0.0610518848068472,0.0307916563194881
"420",0.0260147098831227,-0.00193150962499749
"421",0.0137924642489155,0.0146953568865886
"422",-0.0528797694506347,-0.00976492755446086
"423",0.250036764369218,0.207505967621342
"424",0.100671366679575,0.0638864489253731
"425",0.106953791422363,-0.0862628245653381
"426",0.0254030425681446,-0.146690986717307
"427",-0.134221708301393,-0.0696554105087839
"428",0.00825792329213539,0.0584215793434375
"429",-0.112866815682949,-0.0389314135373291
"430",0.0584796011500325,0.167328487674103
"431",-0.0459793495584659,-0.0921388534499026
"432",-0.00672195475106094,-0.0378058889809623
"433",-0.118139040347793,0.103950218889197
"434",0.00323417589952814,0.0488295204716843
"435",0.118454184539151,-0.00521840434893491
"436",-0.075750446992717,0.0528584270837201
"437",0.000414494219695627,-0.0713938755251178
"438",0.0598131790676703,-0.144739602223225
"439",-0.0381685371918394,0.00226190233905498
"440",-0.0361623273875681,0.0762561229229806
"441",0.0341121972731864,0.0584102178196769
"442",-0.0664799681528614,0.0606472105059388
"443",0.0759020844673102,0.103731670036448
"444",-0.0777134627855077,0.0159507276510933
"445",0.0393924989909727,0.0611088632520287
"446",0.00676067188105604,0.0396508013963024
"447",0.0174711693157619,0.122148495615818
"448",0.00211179905127309,-0.0335786903265939
"449",0.00347803586770316,0.0205778230041734
"450",-0.0765976039896514,-0.0541807456522322
"451",-0.120275577848039,0.0988853194785898
"452",-0.119211406664944,-0.00831822894415065
"453",-0.177418058920154,-0.178021153313542
"454",-0.00764126132432762,0.0757765004363669
"455",0.0944079508529344,0.160859267503273
"456",-0.0255684957121357,-0.0955494826965326
"457",0.0384863989691705,0.142991756519318
"458",0.0453965008900287,-0.0961773093719151
"459",0.127952557063832,-0.0513581427274289
"460",-0.00607806799750125,-0.257598748286218
"461",0.00474374439101011,0.0840613188474227
"462",0.000399821146405792,0.0595502716852349
"463",0.181827081920146,-0.00527370019627916
"464",0.0312816411581186,-0.0482637851692709
"465",0.111192706283482,-0.0628650364257647
"466",-0.0335103694010958,0.209964037951478
"467",0.123974246671297,-0.151973168595391
"468",-0.038738340451853,-0.0582417027729883
"469",0.044800158909472,0.102133426999342
"470",-0.000285358298916058,-0.176915280570008
"471",0.0156860966187791,0.0457342845702553
"472",-0.086086015087588,0.114102929870831
"473",0.0837149878058856,-0.134094960793338
"474",0.0673523274617822,-0.125190563551138
"475",0.05682432044585,0.00125298671603412
"476",-0.0495423673148015,-0.178112002876158
"477",0.0457157930125033,0.0602030152970876
"478",0.0425899361832406,-0.0533113007197463
"479",-0.237467918445259,-0.0294979771267847
"480",0.144908985959511,0.0442491369645087
"481",0.0699048091667558,0.178965983693135
"482",0.103011277798052,-0.0133208633529753
"483",-0.041889067423288,-0.195167046719694
"484",0.0932506662694661,-0.00286097971385486
"485",-0.00834868274318787,-0.0123883062470566
"486",-0.136597620952499,0.0994094110299557
"487",0.04844509642062,-0.12609493020236
"488",0.0279000061611552,-0.0671490836466712
"489",-0.136926002634404,-0.245255953478649
"490",-0.0265787434399235,-0.00444578081512475
"491",0.0645531433477897,0.0445423710456092
"492",-0.0755168109558433,0.052898309543423
"493",-0.0469844090076188,-0.0133453205337624
"494",0.0279775973596516,0.0322326526441226
"495",-0.00634259768338321,-0.0179603526284584
"496",0.10311541372939,-0.215368974818144
"497",-0.129130023369691,-0.184573951403799
"498",0.0504374279700506,-0.0155230827728195
"499",0.104946126312979,-0.0968600114372755
"500",0.114666055989432,0.0546856498784206
"501",2.02522599151978,-0.146025488612343
"502",2.00485952054061,-0.00820320223310647
"503",1.97629748524327,-0.072252836579094
"504",2.01428103424119,-0.243397036504187
"505",1.8699503091779,-0.178197086111685
"506",1.98008865602175,-0.0920549714418902
"507",1.89891958843357,-0.229423430442103
"508",1.85129785300888,-0.246435797340854
"509",2.10383874927739,-0.455243893184731
"510",1.83747206291968,-0.322405577619891
"511",1.91730218975191,-0.119260951425458
"512",1.77010869082549,-0.252600624719501
"513",1.89235307497044,-0.352883162755954
"514",2.05239408844166,-0.275983600643509
"515",1.99862987748384,-0.283109250288567
"516",1.73200906250463,-0.484427508039262
"517",1.96499008647246,-0.335690369589039
"518",1.86792340607694,-0.443428054393012
"519",1.95282295470654,-0.33544736436016
"520",1.82804682936149,-0.416030078030712
"521",1.86874025497981,-0.575481640750141
"522",1.83088610910073,-0.505264419976658
"523",1.91413090319519,-0.852587846236571
"524",1.87743386118701,-0.450878763054855
"525",1.83493515923143,-0.720166222760808
"526",1.90519674535569,-0.552410460915596
"527",1.96257514966063,-0.669073675150137
"528",1.65573945298204,-0.653924444962154
"529",2.07316798174387,-0.670544318082727
"530",1.75914265732534,-0.741748490778784
"531",1.66969206974182,-0.595049065593185
"532",1.98160358761675,-0.755944587233181
"533",1.82959173457435,-0.781779138049832
"534",1.81996561654165,-0.820777067876798
"535",1.76430402782208,-0.856103637491542
"536",1.75185367800186,-0.92803528215728
"537",1.75718080782843,-0.909110117125553
"538",1.72340814173372,-0.809997123526869
"539",1.62920342029322,-0.709210701340675
"540",1.72134025942993,-0.894563709841523
"541",1.7493338801071,-0.915810561685088
"542",1.76486603196212,-0.924224895001667
"543",1.69953574917754,-1.04153006562056
"544",1.71780940489293,-0.947277703420385
"545",1.75275087965702,-1.12667788817714
"546",1.5863871440762,-1.05047514875763
"547",1.64303870286967,-1.0502993830225
"548",1.5594652355641,-1.08098728602508
"549",1.72723816413768,-1.04224450608797
"550",1.64419656992129,-1.23730509438127
"551",1.61942381762233,-1.10205509498802
"552",1.66191098888363,-1.16353576152482
"553",1.49245758993435,-1.06729781144546
"554",1.56272395208025,-1.19560077569502
"555",1.60731825556647,-1.13559440811053
"556",1.42649794778356,-1.03216688767264
"557",1.43194240121379,-1.07978445465332
"558",1.56620782950069,-1.19647661380231
"559",1.7223815730618,-1.38081891829633
"560",1.40546404808154,-1.03561833036881
"561",1.36607142397306,-1.28834972751028
"562",1.59456997837189,-1.46454332558821
"563",1.3565867321692,-1.47141409588742
"564",1.56340427845772,-1.35904095077723
"565",1.320877246181,-1.46068451148559
"566",1.37497497346153,-1.47244638614664
"567",1.31307290606745,-1.58871248081438
"568",1.37391406801119,-1.41282723435455
"569",1.38649639729531,-1.53649159762194
"570",1.19902398220311,-1.4282599701136
"571",1.17662675867958,-1.46556459170663
"572",1.35614189889827,-1.59907869477568
"573",1.25859252650684,-1.6707478779916
"574",1.18919932492037,-1.49554061452353
"575",0.97646150690205,-1.65335694204742
"576",1.04973064597946,-1.60697741796178
"577",1.23361780195334,-1.79262467605664
"578",1.15461741963763,-1.60810655484837
"579",0.99512991381758,-1.80171463078656
"580",1.0132437873334,-1.73524874357169
"581",1.20266318129415,-1.70508711844802
"582",1.01771505750533,-1.73110375776246
"583",1.22392008359961,-1.62823118912177
"584",1.02826452889832,-1.72750491860789
"585",0.986666514038263,-1.87690913938952
"586",0.849924248920462,-1.70492477662734
"587",1.07351019469723,-1.79072568292147
"588",0.867528667918907,-1.76463547122106
"589",0.860623714664186,-1.84158546662978
"590",0.91288736550396,-1.73324914755
"591",0.873488511179886,-1.81876935371913
"592",0.858910167804234,-1.85828343057043
"593",0.824879905719132,-1.86527575995376
"594",0.614286017432701,-1.83164967596809
"595",0.864178257730904,-1.87456077549486
"596",0.596444482656028,-1.87150554648099
"597",0.6788125607921,-1.77705768111257
"598",0.788633630661183,-1.81902045423441
"599",0.740295429781585,-1.9315425857804
"600",0.659159043889237,-2.10388695559822
"601",0.612594613007643,-2.06438659492323
"602",0.632509304353355,-1.98176668517787
"603",0.703943897947067,-1.83758056149315
"604",0.464283061334758,-1.94945735825543
"605",0.61780351660756,-2.04959372852596
"606",0.45966888483014,-1.82102536423196
"607",0.383711541282611,-1.96695554531699
"608",0.345322923625037,-2.14871751023835
"609",0.500959128203641,-2.01788927998626
"610",0.312654134778072,-1.96746184033749
"611",0.272338123177747,-2.10385470013339
"612",0.322670821457542,-1.9696270533034
"613",0.261386040999608,-1.85313360564861
"614",0.202289347083436,-2.03280234918811
"615",0.243256236149375,-1.96407381934722
"616",0.336373144773018,-1.82715975334266
"617",0.240986733712741,-1.80120327632943
"618",0.154546587979963,-1.92425297844439
"619",0.20634858956022,-1.81456306010066
"620",0.0935345202013944,-2.00628416584366
"621",0.139598721336047,-2.03966426619934
"622",0.230690795471293,-1.9673342006014
"623",0.0156648699946502,-1.9936952696654
"624",-0.12154433998485,-1.89077419708102
"625",0.0138324151878766,-1.87420043035237
"626",-0.07901644129066,-1.93100802061558
"627",-0.125601758522643,-2.15633170750316
"628",0.0800950215597135,-1.93568567731698
"629",0.0255068678050495,-2.01386881411658
"630",-0.114436402137633,-2.12306047499473
"631",0.104992591427112,-2.0388974225676
"632",-0.245535301090219,-2.04147155410922
"633",-0.235868481992557,-1.86865101753626
"634",-0.230729870471542,-1.88656148060711
"635",-0.168571242868949,-2.0276261297176
"636",-0.258995246770602,-1.99318227684788
"637",-0.332075426106442,-2.20198732496567
"638",-0.342569027881712,-1.85428128884566
"639",-0.303238060505244,-1.95804445061453
"640",-0.364567940914582,-1.78007073521759
"641",-0.426661574467572,-1.94557247534451
"642",-0.0999530803281609,-2.14347408571722
"643",-0.348661744395724,-1.95583540871074
"644",-0.557527542387815,-1.85733228270328
"645",-0.582997458472283,-2.03397411883943
"646",-0.651181770912183,-1.93078812445584
"647",-0.633474495098752,-1.89450466501829
"648",-0.643668409951108,-1.87384534775275
"649",-0.521086242426863,-1.95393974241749
"650",-0.615916170785542,-1.93564144911968
"651",-0.652753703557641,-1.95829792129505
"652",-0.611771202400775,-1.88278239042303
"653",-0.524444232566512,-1.83024654886125
"654",-0.866576183645159,-1.8345263167044
"655",-0.702061958951203,-1.8901990277177
"656",-0.726243499763264,-1.84180092667753
"657",-0.782286786144978,-1.68576095506322
"658",-0.821961949111936,-1.86208521174008
"659",-0.988873699853238,-1.84581787874817
"660",-1.01275487334379,-1.77015652238309
"661",-0.702584223659652,-1.84646394929568
"662",-0.950132567752671,-1.91372819021222
"663",-1.08857677723295,-1.82083620609707
"664",-1.01056065274174,-1.80762913776879
"665",-0.981043090312477,-1.52369201567479
"666",-0.956309415840385,-1.9449645436588
"667",-1.12392807423462,-1.62687118929456
"668",-1.09077558041738,-1.52713816946107
"669",-1.23873720609546,-1.73774461108851
"670",-1.15314246974694,-1.89172968557791
"671",-1.04278442733796,-1.79141460401466
"672",-1.16833029760612,-1.70745207316048
"673",-1.12704678435972,-1.71029119395687
"674",-1.26623007559617,-1.56623621202905
"675",-1.16245738632395,-1.56561091326537
"676",-1.22985990884254,-1.59625686087464
"677",-1.25967796584547,-1.47312076874619
"678",-1.34039882409658,-1.49909737399115
"679",-1.3739338527508,-1.55006666931558
"680",-1.119485901908,-1.70534575326099
"681",-1.19352070563412,-1.58384920292966
"682",-1.27833528893418,-1.38722849709186
"683",-1.17460777803555,-1.67118168303487
"684",-1.43898291869068,-1.51299818481472
"685",-1.28993660788277,-1.58679457526872
"686",-1.50112591560818,-1.34217480567298
"687",-1.42379632198336,-1.4762574292143
"688",-1.47502122377677,-1.45374079846922
"689",-1.45726788999784,-1.55342348142472
"690",-1.50904885544118,-1.35929137891636
"691",-1.40227810844187,-1.43697839566986
"692",-1.60234282391803,-1.54990591402499
"693",-1.59143725720615,-1.26994679697965
"694",-1.44396149132266,-1.22315169179968
"695",-1.61109172486237,-1.23536659595734
"696",-1.72523977330683,-1.32645086596513
"697",-1.54881918919908,-1.2768047473166
"698",-1.60331376847902,-1.20062349278866
"699",-1.53575785153884,-1.23482395811916
"700",-1.65630378635805,-1.30987950990685
"701",-1.60717560479679,-0.976562106109567
"702",-1.67408358128088,-1.28361285204283
"703",-1.66218182134138,-1.09430900724822
"704",-1.6678271608971,-0.8223496797726
"705",-1.65313567291366,-1.26863403046629
"706",-1.57262541719077,-1.07271812583617
"707",-1.81151900852575,-1.15058294006514
"708",-1.66803657382473,-0.93901124164073
"709",-1.83733534012169,-0.794320343693366
"710",-1.75961880410002,-1.08186111827909
"711",-1.8409335842714,-1.05782928787012
"712",-1.63384113789172,-0.998784813484007
"713",-1.50512845455725,-0.919321879614517
"714",-1.79223969222079,-0.950898349209209
"715",-1.84058359089139,-0.687170024427885
"716",-1.63706836537268,-0.888168796700535
"717",-1.62091087044413,-0.856184733977668
"718",-1.69524383035807,-0.87927098400443
"719",-1.68347093440369,-0.849151630205722
"720",-1.75831849680852,-0.725444442245466
"721",-2.15354617143627,-0.704152051794335
"722",-1.94144717289381,-0.778625192067807
"723",-1.84348093952182,-0.729266606373259
"724",-1.84446797207727,-0.538654706305839
"725",-1.81528469251944,-0.500478023009641
"726",-1.82231530311773,-0.639188163779198
"727",-1.9735542684112,-0.61807557337745
"728",-2.0199097106257,-0.471926746013009
"729",-1.85131597236493,-0.412238142271872
"730",-1.84559572890448,-0.661361173388719
"731",-1.83053533004319,-0.527455214415122
"732",-1.99450189006792,-0.692172405712521
"733",-1.89823709169108,-0.439400027911167
"734",-1.98402318563066,-0.365503680850593
"735",-1.99890064737416,-0.40112653532852
"736",-2.0541161129991,-0.421332819537218
"737",-2.04665784310282,-0.145396787114409
"738",-2.00561449257669,-0.638463074938783
"739",-1.96436509840908,-0.337382884351376
"740",-2.04749648322106,-0.383964943498951
"741",-2.088195082067,-0.191508495953398
"742",-2.07500845518689,-0.16981808635068
"743",-1.98581514401241,0.0220159909382468
"744",-1.88899691309179,0.0448623643775393
"745",-1.85022269433227,-0.207558862581783
"746",-2.04807206596734,-0.0205328598087274
"747",-2.05573773625061,0.0738746454784442
"748",-2.19840403575387,0.0202894354711893
"749",-2.12368936273855,-0.110082557201529
"750",-2.0658806944903,-0.10885350197327
"751",-2.08507165739708,-0.092305018934064
"752",-1.70082001726001,0.117390396487902
"753",-2.20210753228546,0.0426047780347537
"754",-1.98282003672888,0.160472165552532
"755",-2.03335635474963,0.184003117834522
"756",-2.02611208856068,0.198792877224534
"757",-1.92461665034009,0.0140857754367967
"758",-2.13197665869677,0.275652494299884
"759",-2.09439666312087,0.159311778035861
"760",-1.86701487235153,0.173098926125808
"761",-1.89743323952479,0.120106190112237
"762",-2.0578440353135,0.209534154746167
"763",-2.01481532998908,0.112325998682648
"764",-1.86041603947157,0.355331543012352
"765",-2.10490274916073,0.330053112295428
"766",-1.78473159703749,0.347470009805813
"767",-1.97170415475303,0.581870826943589
"768",-1.98822129753856,0.359009532350564
"769",-2.06686488296766,0.539741785810449
"770",-2.07513989430894,0.400726960782417
"771",-1.98105154004288,0.609348453558849
"772",-1.90327560709288,0.564292963564431
"773",-1.9776619554152,0.555888117656596
"774",-1.89967493698386,0.351613532319594
"775",-1.87366579380786,0.721898633086484
"776",-1.78853497357375,0.702279035402737
"777",-1.76769246176884,0.726335977179761
"778",-1.96646168576177,0.635199951250963
"779",-1.99680254822665,0.441149561926043
"780",-1.98318672015951,0.716106068697661
"781",-1.90328485932691,0.673383928854342
"782",-1.86575568428412,0.65911873484304
"783",-1.96222417738522,0.942092350727215
"784",-1.79771650617289,0.849372074815604
"785",-1.90954094737157,0.827344178734643
"786",-1.75595340553268,0.744311031060393
"787",-1.78104538068245,0.904285779850796
"788",-1.70737036142762,0.933151070701646
"789",-1.77381150822974,0.925975059919064
"790",-1.81251290306233,0.976483329364016
"791",-1.92998798996928,1.03662598161659
"792",-1.63958635853067,1.3013391595361
"793",-1.68976229362302,1.11322430607764
"794",-1.36184908962311,0.850617195105377
"795",-1.67184021066696,1.127540850887
"796",-1.63265947643441,1.1652164874844
"797",-1.68636505017779,1.13016138685127
"798",-1.78461512865721,0.945196058633182
"799",-1.70428770014414,1.25158886940223
"800",-1.55785040284865,1.19675244845114
"801",-1.82463064666078,1.1837663209893
"802",-1.53524875860979,1.32797510896187
"803",-1.56158473127242,1.3673982955385
"804",-1.54524983191022,1.09695564982975
"805",-1.62930765479503,1.30270359555702
"806",-1.51632630725892,1.33690687841841
"807",-1.57558738514855,1.29799135184468
"808",-1.79353650591574,1.20160822029608
"809",-1.56128037454518,1.24679653937844
"810",-1.57192051476997,1.2319405753977
"811",-1.32396548834098,1.32405945031573
"812",-1.4432549279974,1.41825995642221
"813",-1.48425088552329,1.49093935390775
"814",-1.61758742060163,1.35983927528637
"815",-1.3757123621526,1.39530917828685
"816",-1.43152733637315,1.50356543036072
"817",-1.50673219163018,1.52206621266908
"818",-1.35190319642849,1.53411780949528
"819",-0.993446691735397,1.6447792389557
"820",-1.20071520334201,1.46359812187047
"821",-1.24862209984177,1.62128077380961
"822",-1.1394394151605,1.65571957281375
"823",-1.13478948838688,1.58433833985181
"824",-1.20322257722236,1.69482679277292
"825",-0.972981945745476,1.65668936771288
"826",-1.1693910736325,1.63684046672848
"827",-1.13236619784441,1.74015484960073
"828",-1.06640276300819,1.62903679492105
"829",-0.890338460725412,1.69724296057318
"830",-0.858042893032751,1.53775431733591
"831",-1.0422935641412,1.63038045478611
"832",-1.1028685871083,1.75340254738402
"833",-1.03460567611812,1.66378663228215
"834",-1.0833222389851,1.68195516628633
"835",-0.944397649921537,1.77932666154285
"836",-0.995075079389187,1.80088646352886
"837",-1.02913558804967,1.80094423511022
"838",-0.872704922449013,1.74548946470139
"839",-0.944965018649277,1.82909431139194
"840",-0.717548064818262,2.09442485286132
"841",-0.73760345770083,2.06450254712314
"842",-0.829127816670649,1.77834863774202
"843",-0.828343616249448,1.83721833738263
"844",-0.658164557012073,1.86835304445316
"845",-0.758674605326665,1.74979539981599
"846",-0.722440138904374,1.82201673185867
"847",-0.684854555539045,1.78100620356045
"848",-0.663688564805799,1.7140840613742
"849",-0.640896450686843,2.03843522749125
"850",-0.551032614948647,1.96045418831563
"851",-0.551964069462564,1.87910472953774
"852",-0.590332836426757,1.8694341009661
"853",-0.662852347195441,2.04976170969232
"854",-0.507266459936388,1.85332510913085
"855",-0.465742832512189,1.99943015745858
"856",-0.588791151641086,1.99466672420525
"857",-0.40455317892245,1.9907317777531
"858",-0.513754783952304,2.08292375018001
"859",-0.422780770857842,2.04590060300177
"860",-0.179847439458475,1.98275211526201
"861",-0.252955865347535,1.91247866109844
"862",-0.363002290890105,2.02305837462472
"863",-0.249687357002074,2.15581430144744
"864",-0.165217094409792,1.86051031544148
"865",-0.175269175923694,1.87755222204894
"866",-0.223215350113917,2.04551802336111
"867",-0.0383277225679294,2.1014981479207
"868",-0.21095806567881,1.94040380031739
"869",-0.111913069696963,2.03024745630987
"870",-0.0407198349328531,2.08159437611791
"871",-0.0780777865156867,1.97862713482598
"872",-0.202214744145952,1.93772396207255
"873",-0.0935069263552873,2.02735865647702
"874",-0.0731890166951508,1.90124116821394
"875",0.119030990021984,1.98394165613564
"876",0.051633145227784,2.02350763190087
"877",0.155248808233687,1.89655499826382
"878",-0.0306458578703181,2.02219109224978
"879",0.147670105814083,2.1125418995672
"880",-0.127027509687381,1.87151401848773
"881",0.0258313195276247,1.97914143830606
"882",-0.000530520064357498,1.8379068154702
"883",0.261028880303348,1.9830610369475
"884",0.325675313650269,2.12689581130716
"885",0.247644468188024,1.8149165713964
"886",0.25038260619003,1.962957611407
"887",0.285492851079103,2.08615500494682
"888",0.319852291521266,1.81807071421904
"889",0.261601925860714,1.89446952623104
"890",0.611287190885341,1.98656655531581
"891",0.494684218441421,1.95020242835921
"892",0.384403813811957,1.90790716922269
"893",0.374450958895667,1.99883313626751
"894",0.545433310798975,2.04276187620923
"895",0.413209391326704,1.93024942814906
"896",0.347293722152279,1.93380669372595
"897",0.543671247089122,1.94048366849736
"898",0.678532124096798,1.94148977173546
"899",0.616783257293835,1.89860468576502
"900",0.642678734436486,1.87621182067386
"901",0.661048551949278,1.80485443603537
"902",0.626373201611349,2.04361905030828
"903",0.743262969511154,1.87122279689148
"904",0.807593484156391,2.01468854894266
"905",0.716379104704119,1.83333302465005
"906",0.628594680806907,1.95735136862832
"907",0.902138170514194,1.73933141660593
"908",0.761642147046944,2.07658490808836
"909",0.839594129441799,1.75506262365711
"910",0.784011037708205,1.76220697708791
"911",0.887402274823541,1.87895501837937
"912",0.787526159121958,1.71646266801237
"913",0.895452026743681,1.89076518937988
"914",0.948300902192478,1.7657326764868
"915",1.01478274766308,1.67336615203307
"916",1.14643803266586,1.73201195874323
"917",0.911328603074864,1.80170797918629
"918",1.0205079880186,1.84925721969713
"919",1.20429211672585,1.56293129780203
"920",1.03605037491799,1.76917218663687
"921",1.17300678559643,1.56968221865482
"922",1.00982131056396,1.67022120001012
"923",1.04429686845295,1.78086507617047
"924",1.15288544125058,1.69750103102738
"925",1.07451666141258,1.63504739822278
"926",1.32789792772696,1.55398990395391
"927",1.15813885514409,1.62011143046719
"928",1.33156455893295,1.59506035567727
"929",1.19443734636861,1.51023169434959
"930",1.21490324028243,1.60209808085758
"931",1.16729097536075,1.50750359009852
"932",1.19275408366083,1.66599566472573
"933",1.29224858368966,1.4797418654929
"934",1.37393133415467,1.43805999687442
"935",1.35555220542309,1.31848485160298
"936",1.49161342779123,1.61958286565327
"937",1.31009365430194,1.55815879425048
"938",1.36627153336497,1.31708851812248
"939",1.41305417163767,1.3673930064767
"940",1.2581371345354,1.46107151590041
"941",1.23467835632567,1.45487717036034
"942",1.48517881054322,1.38933039092734
"943",1.69855619199417,1.31344038564834
"944",1.60187026425574,1.28951997052382
"945",1.56153439674277,1.29715746737419
"946",1.52119591601138,1.44650786149925
"947",1.62408964247858,1.20042567936027
"948",1.55569258577392,1.21427866046893
"949",1.70688356445773,1.00861281405787
"950",1.52213212320116,1.22389161176443
"951",1.61050611783041,1.10668852946937
"952",1.56933700715081,1.09927424257554
"953",1.68981490253471,0.935242680862207
"954",1.87482345918151,1.07478227626181
"955",1.76113227510233,1.2033084351119
"956",1.68145945612661,0.991190864295787
"957",1.76339313364583,1.06279786451591
"958",1.70931025231061,0.946820364605595
"959",1.56919170104427,0.96857807457563
"960",1.7313894065285,1.07969785445704
"961",1.72597307677337,0.832845365983951
"962",1.97866061573561,0.929875574833931
"963",2.00305653180193,1.06070444117649
"964",2.11764983362957,1.05031319218579
"965",1.72954387241401,0.73323784511283
"966",1.91208938946289,0.860544978288798
"967",1.91177494222602,0.924602919871584
"968",1.74568004966839,0.616387707267999
"969",1.91674470240217,0.743301565053271
"970",1.72406835385362,0.688292520652445
"971",1.6799212314289,0.824882691561953
"972",1.9312157557621,0.746359452267493
"973",1.86494461981506,0.778421313535086
"974",1.94722805236703,0.555997170136142
"975",1.88171736261655,0.707269681455859
"976",1.87403437037181,0.54645043725692
"977",1.98290812609294,0.647156985029447
"978",1.94866893638622,0.490526878444631
"979",1.80697322211895,0.469606418575893
"980",1.96939102966369,0.405121105296763
"981",1.77916109491226,0.310538681109304
"982",1.92059811918006,0.564918386478994
"983",2.14478454983862,0.410053338560931
"984",1.98460191253987,0.484871171466967
"985",1.90469490996579,0.564180045064842
"986",1.71065198844428,0.187954105751642
"987",2.02707657592551,0.225675145861825
"988",1.85782323156806,0.155136699819972
"989",2.01071590896146,0.439245451356881
"990",2.02589802313559,0.231126802033517
"991",2.09729552580277,0.173328837359909
"992",1.92295225951187,0.0293487514186696
"993",2.03028269760833,0.132078469025134
"994",2.06764076973811,0.00586344322404303
"995",1.96313840641972,0.0623513209655959
"996",1.95561829591916,0.207828264683675
"997",1.90646126836859,0.165645548262876
"998",1.97767076219393,0.000251046442859108
"999",1.99531503313203,-0.129791168069855
"1000",1.96339064023666,-0.0180426052680548
