"","X2","X3"
"1",-0.0651215368630389,1.08329314296324
"2",0.016970726889216,0.970435144726117
"3",0.166472706524551,1.03930774556756
"4",-0.0773507365914852,0.830710511706972
"5",-0.00212005775121524,1.13930128635292
"6",-0.158564073736258,0.87319069600515
"7",-0.00591607045036355,1.3389328465382
"8",0.0735518101612434,0.824110955571702
"9",-0.00609789238776806,1.09725599583381
"10",-0.0104885729523877,1.14637836715576
"11",0.0505262048624095,1.01636090079446
"12",-0.100273252073201,1.10399828448207
"13",0.00341334087319946,1.08004982395079
"14",0.0255076885721775,0.95421811772619
"15",-0.00214550738757136,1.04801615776802
"16",0.0304034578458825,1.04914595585475
"17",-0.0648615115673607,1.29488315743505
"18",-0.0211598499220406,0.944801006951064
"19",-0.352387353614322,1.1755060269627
"20",0.0656947386194016,0.971863202850652
"21",-0.163950075225999,1.23106808061904
"22",-0.257875963824787,0.847009467214055
"23",0.155586352937465,1.07671379823188
"24",0.191890363445485,0.846834167575824
"25",0.192720328452138,1.00515752722152
"26",0.00657004367696938,0.923140947282051
"27",0.0625407907482154,1.04579046535108
"28",-0.0999391304350676,1.10221711536046
"29",0.16157068713207,0.94601229966404
"30",0.0716999317213475,1.04990326253074
"31",-0.226948734944528,1.06977113818856
"32",0.0851799968077654,1.14370928083211
"33",-0.0237193420466057,0.967666041659688
"34",-0.188080813565987,1.07744162860437
"35",-0.103087534751697,0.730541577680918
"36",-0.216738268306022,0.92378432273471
"37",-0.21082320756331,0.982501241169401
"38",0.122721217546245,1.06544255589415
"39",-0.0933615109698104,1.0068795558867
"40",0.129288114215515,0.819820389915242
"41",0.0340168892326707,0.892326539966919
"42",-0.110457637781018,0.84219043627141
"43",-0.164321824958895,0.989600757847416
"44",-0.118898730706913,1.10659874346285
"45",0.0459176529346037,0.944107594219902
"46",-0.0385276735181916,1.03831446267363
"47",0.037944707678901,1.00062551191205
"48",0.0311995534433951,1.0535769549937
"49",-0.178237571278648,1.18153849207012
"50",0.212498830074048,1.10858648193441
"51",0.133229759561471,0.727086873603963
"52",-0.047126532368062,0.947722701117447
"53",0.228260131566132,0.874693977555982
"54",0.194648174830034,1.24468760052841
"55",0.00489277255903505,0.944821465285951
"56",-0.155808075872783,0.988343003558968
"57",-0.179626596771949,1.30207559099912
"58",-0.153706446652031,0.970985444387659
"59",-0.230573483553766,0.905492189297168
"60",0.00801969063466325,0.945147791730324
"61",-0.056070864439258,0.96585239176934
"62",0.00727440995584449,1.06173216191077
"63",0.243431672452075,0.886982484635428
"64",0.284796756246341,0.967722596320273
"65",0.18040450469248,0.947448808988843
"66",-0.204322300932616,0.909564061461775
"67",-0.00984941435544234,1.06457666987386
"68",-0.0745491527722174,1.13739553613798
"69",-0.0615914720925982,0.900365305974476
"70",-0.0457295431565944,1.16264184322876
"71",0.117097269312015,1.05971698662472
"72",0.341853742477143,1.17979493476485
"73",0.0152568094558614,1.02584997484255
"74",0.0962696434731806,1.1790470712582
"75",0.0341151057593386,1.04385614275624
"76",-0.0770796357924023,1.19365418026648
"77",-0.0429914701094682,0.978984429892782
"78",0.172274509912836,0.951280729538034
"79",-0.152753249433569,0.998513601629962
"80",-0.30314937727479,0.977927957697519
"81",0.0304761415048616,1.08916085233267
"82",0.0758946228091042,0.945005069160708
"83",0.101107177237858,0.961896846907985
"84",-0.385315903654538,0.830767741146848
"85",-0.232532037425065,0.854511952784118
"86",0.017154608662415,1.0284026826456
"87",0.0195617019610403,1.04308102634286
"88",0.208584640400556,0.78235081361019
"89",-0.186132865072122,1.28781218379899
"90",-0.229218942198913,1.01419750244672
"91",0.100631066904968,1.16275396435683
"92",-0.144355966219198,0.864711525606741
"93",-0.157455854972358,1.18373973628035
"94",-0.0632297170759554,1.08730734755321
"95",0.000359480886799315,0.834687420359013
"96",-0.0261351419742011,0.845878702477457
"97",0.327169714470276,0.725056005475844
"98",-0.0119324832078651,0.998799517296156
"99",-0.0640487809931348,1.2067625655976
"100",-0.023582973259467,0.737517120364872
"101",-0.112935256266492,1.05869948117164
"102",0.00162264810697837,1.06010088116489
"103",0.0380212999096283,1.02786229823743
"104",-0.123096545427037,1.06506916735535
"105",0.0568441584579919,0.872672203961504
"106",0.219987895588399,0.839596766207727
"107",-0.091522008290789,0.907098693929652
"108",0.0334623368200549,1.18261375390985
"109",-0.225971470437108,0.935149060786714
"110",-0.0666378964815465,1.11453655300225
"111",-0.0884433446185526,1.22028366576028
"112",0.0916389734457069,0.999586196200779
"113",-0.283273742873892,0.825116147430269
"114",-0.017210236819498,0.701805076462951
"115",-0.164468936092574,1.08617051357536
"116",0.0442629179688744,1.23907177301004
"117",-0.13738119249276,0.899028137707387
"118",0.160643089938645,1.02714434518084
"119",-0.138534991422886,1.07625760994506
"120",0.169122899123538,0.985077789142138
"121",0.16025567727381,1.07390172222321
"122",0.156007549211013,1.01657143151311
"123",-0.100110069143801,0.935049036946912
"124",-0.0863310802063183,1.06143766976407
"125",0.00676482812016595,1.10038534724541
"126",-0.00939402845196512,0.951867823236231
"127",-0.0753487988879842,1.13875254597247
"128",0.0318118045448694,0.970674530002533
"129",0.305558307678265,1.07251746666604
"130",-0.113897308109376,0.797777068915397
"131",-0.222484568645312,0.845543581251294
"132",0.0102299008074274,0.926139299365064
"133",-0.245252561846515,1.19752214378768
"134",0.0830415259021,1.09552040005214
"135",-0.18458123377749,0.904753603773695
"136",0.00941158803177735,1.190564332782
"137",0.139381331899594,1.13246489997176
"138",-0.0236269223204725,1.16164739913082
"139",0.0461110346993762,1.04048360583887
"140",0.0323895619489208,1.09347722809264
"141",-0.312476706793668,1.01727792161664
"142",0.186367314651315,1.01515511602368
"143",0.206258665615717,0.817238123682476
"144",-0.0591338483115898,0.96304225783429
"145",-0.163493975008791,0.949284354826677
"146",-0.296061741823592,0.937795053801228
"147",0.0276755737849982,1.1161355011649
"148",-0.00647120296134583,0.949966945119015
"149",0.254419531468999,1.10769189648118
"150",0.15115992523564,1.07901104624008
"151",-0.0747634889597353,0.773618899668543
"152",-0.185836034594708,1.03940289876401
"153",0.0910836426627517,1.1238542071247
"154",-0.0856239492454532,1.07146537323126
"155",0.239205760724953,0.886774615512794
"156",-0.0352298715306287,0.806251907640128
"157",-0.0187491769437609,1.14920791608012
"158",0.0333622718002595,0.938500751604966
"159",0.168317382623109,1.07888484364261
"160",0.0655583852395789,1.02238816868123
"161",0.285760697007379,1.26782314160252
"162",0.127953834631385,1.27174004209213
"163",0.0962076169514212,1.1412157030332
"164",0.0884980648725823,1.39954675125603
"165",0.0132099358982521,0.969424923803912
"166",-0.269330847067796,0.963724377048439
"167",-0.126224966552768,1.27670675620231
"168",-0.0913592186784827,1.1385599899801
"169",0.0587388347786426,1.09848729770642
"170",0.088544414456008,0.883132646948013
"171",-0.0744281402150299,1.05737005120203
"172",-0.0741282540093358,1.09757082133796
"173",-0.0364648766538698,1.11677600799536
"174",0.0142155063503542,0.908959282221566
"175",0.00415799615794697,0.914565363120415
"176",0.0517742938718524,1.10777306307744
"177",-0.0498907252877841,1.06265016796103
"178",0.117622504877158,1.00901593457298
"179",0.00792845197451532,1.11676762282983
"180",-0.205092032088158,0.959031025826276
"181",-0.0370768372932605,0.896270029474726
"182",-0.0470643966627301,1.3143015664755
"183",-0.0792317405698508,0.768708529668524
"184",0.0298350764621962,0.948786331899227
"185",-0.108495565482345,0.646115094217148
"186",0.0407605589979888,1.17622298469654
"187",0.116611502494575,0.830461000974328
"188",0.043027482303917,1.17560526742467
"189",0.0275471763306533,1.13648711756993
"190",-0.0841671679816756,1.00341648544444
"191",0.192022049692571,0.683454406758134
"192",-0.118206316058188,1.09940708194694
"193",0.0238540693141085,1.11252532083813
"194",-0.119914253077727,0.874404550524096
"195",0.216883301263555,0.917344946930578
"196",0.0497049695235795,0.978070845393707
"197",-0.0294340046721247,1.23227265545673
"198",0.026177370074037,0.822628763659784
"199",0.100981249149516,1.06810120462366
"200",-0.164547921865918,1.11582916511205
"201",-0.340498529945233,0.965295656746463
"202",0.0724328536232992,1.17056459220096
"203",-0.0755335201917108,0.910553805869009
"204",-0.379942864866814,0.953608745252087
"205",-0.00874446444084758,0.937481232713203
"206",-0.115678412254883,0.867352212436171
"207",0.0240841621780967,0.873647567358571
"208",-0.0157650954701414,1.04713723339539
"209",-0.0647891223372998,1.12451839464294
"210",-0.183756224326979,1.07336447062746
"211",-0.0819223216891817,0.979164150496958
"212",-0.386189216428086,0.900133028443477
"213",0.144491141146266,1.05849660842374
"214",-0.349063487054423,0.826042083399282
"215",-0.00198143161868859,0.705594120005597
"216",0.226136261410257,0.774187692312799
"217",-0.0999971784357502,0.787891948116137
"218",0.120044859759027,1.14494321221796
"219",0.0622778070499473,1.13013624281364
"220",-0.134245623233313,1.23224070622098
"221",0.166288406752886,1.08456486125067
"222",0.139061049885139,1.13886027655043
"223",0.207582061027207,0.904605313473812
"224",-0.175842082523192,0.804240905312385
"225",0.0713091322164835,1.2234751009591
"226",-0.183184990738744,1.19640196269701
"227",-0.302620990775603,0.831849507169087
"228",-0.0538983677174691,1.01962463838382
"229",0.0367606377869194,1.14267370016827
"230",0.344862317987298,1.06136866556716
"231",-0.107349124841904,0.772128871664041
"232",0.210824002751342,1.01098543398861
"233",-0.0115872920401932,1.10461799353901
"234",0.134047495624768,1.17764530261429
"235",0.105519181021128,0.835243007373575
"236",-0.0756672940140634,0.890615756338731
"237",0.0935200834614023,1.19859282611036
"238",-0.302808577445761,1.16969665862879
"239",0.262398181930312,1.11578268443746
"240",-0.202874064606334,1.00958808113608
"241",0.0685563632901294,1.01789713599142
"242",-0.296417015204032,1.12950909660478
"243",-0.0290292250504648,1.18965127559412
"244",0.0236414233117626,1.07630627631867
"245",-0.0581614088004744,0.879677062071875
"246",0.0993928328664127,1.04992321976969
"247",0.117425795690008,0.919160187262934
"248",-0.113128542094483,0.926262716390297
"249",0.224257683961592,1.17605550164042
"250",0.0720372234595808,0.789420657164326
"251",-0.0319393821642232,0.866159077520923
"252",-0.164353407571074,0.876235608270777
"253",0.0438579243678484,0.938028152469315
"254",-0.119770363173256,0.908343455781054
"255",0.105316361945394,1.04993326372488
"256",0.115335252782831,1.08455680961729
"257",0.116918032594307,0.720795792006347
"258",-0.140986337230562,0.993496442500546
"259",-0.336247008248215,1.33325725659719
"260",0.0934277760059968,1.01240881596102
"261",-0.216629558519741,1.30900326616828
"262",-0.167809952905428,1.22211739501295
"263",0.0106696359325988,0.839431770026566
"264",0.135320699505849,0.931587672027322
"265",-0.10602732164325,1.14843180635402
"266",0.0040329533480987,0.889587321612887
"267",-0.0598631850369754,1.11189758229896
"268",0.123308752781316,1.08892281283231
"269",-0.0484113736674178,0.99119006743564
"270",-0.102355375952612,1.02093737145288
"271",-0.0516803296328868,0.939438871758675
"272",-0.232151563659546,0.863101324269337
"273",0.0597151680700412,1.16632461717521
"274",-0.0446747590849546,1.04790692067756
"275",0.201580706025787,0.836427096847465
"276",0.285572977457167,1.03856289680671
"277",-0.0529121928060541,0.984579527621115
"278",-0.26435396424415,1.07031332368515
"279",-0.247641631469231,1.1703186662513
"280",-0.206399323279113,1.31548122288189
"281",-0.0818949220535521,0.996597409880466
"282",-0.0403901919200462,0.805830514298564
"283",-0.135548041608586,0.838857944340065
"284",-0.189529720940291,0.820772970371777
"285",-0.0685131417350825,1.05925055329636
"286",-0.478602679997309,0.976899904313725
"287",-0.259152584911108,0.86978872918938
"288",0.196767099032327,0.896806682769276
"289",-0.00378181936748785,0.857266526742929
"290",0.0708907783041841,0.894561044171369
"291",-0.127829064062574,1.1933646018824
"292",-0.0348990108985128,0.89971368559333
"293",-0.1266422349205,1.19850226744078
"294",-0.0817273302022205,1.04939338639303
"295",-0.0525930933583263,0.927572049531751
"296",-0.0738670279017102,0.944065482887359
"297",-0.0622190448604255,0.944278355309784
"298",-0.278281652238742,1.09291469199157
"299",-0.236507009244679,1.16369395341858
"300",-0.185800875570927,0.668166797381409
"301",-0.170691004599962,0.772869659236301
"302",-0.0512437542153419,1.09572265080844
"303",0.148140253583782,1.16125776199171
"304",0.0601016555592969,0.875515133064233
"305",-0.0497981895198141,0.848225326811126
"306",-0.173388729810963,1.14704701905936
"307",-0.286646047945031,1.07112679740228
"308",-0.0952778157011624,0.95568575849575
"309",0.185018195217409,1.09839642079301
"310",-0.103316112131835,0.922782987007984
"311",0.0581917947403777,1.20071956285337
"312",0.109162642691686,0.978726877960256
"313",-0.201431306829638,1.04714101095193
"314",0.285948577439065,0.85148655821245
"315",-0.0322246741073032,1.02580110936859
"316",-0.00554221411000623,0.993171807618684
"317",0.0948398434802978,0.843283198274843
"318",0.0200310968179294,1.00006278718605
"319",0.114721415270825,0.974508145673902
"320",-0.429285087298552,0.877288516495634
"321",0.206392022918483,1.18071722031394
"322",-0.146082323939576,0.855253942562769
"323",-0.0319898661733469,0.804459740696688
"324",0.122198907177081,0.89970630952033
"325",-0.0548008853097315,1.15936774686358
"326",0.0253034242450376,0.901143441970003
"327",0.0593725705215383,0.988576220108649
"328",-0.0586130457449889,0.980424195270834
"329",0.0974880896258979,0.968912422114274
"330",-0.00642728323577776,0.852113839972005
"331",-0.200554288497548,0.899670194074974
"332",0.0425691622705448,0.98345975014748
"333",0.0165044839635267,1.0318095725851
"334",-0.014521793799317,1.3490693658862
"335",-0.259705549164163,0.829754651541697
"336",0.100135501900128,0.849326948535352
"337",0.0488744410904078,1.06648511061086
"338",-0.121309402007007,0.975351654522581
"339",0.0627424872828356,0.867351695049719
"340",0.101831435905669,0.90070297278943
"341",-0.130551198710907,0.859030206057103
"342",-0.0849480008847721,0.725830993930828
"343",-0.0790390868026043,1.18106606823335
"344",0.0636757450455102,1.00048996703047
"345",-0.162755570371028,1.03610079844068
"346",0.0799384622805859,1.14564681913738
"347",0.0129039643246228,0.935506782383321
"348",-0.0750208221494567,0.99249454119064
"349",-0.121704607072285,0.900064649026085
"350",0.124130446833797,1.18852489692834
"351",-0.108104054557387,1.08824406421095
"352",-0.0555885233302929,1.04722911668949
"353",-0.0290490815909226,0.852949587236124
"354",-0.0288725657218408,1.03947548362568
"355",-0.27020314389012,0.72121611453774
"356",-0.0374545350730859,1.10942115888559
"357",-0.0356688384164773,0.953741722404219
"358",0.0144434835421368,0.91524944989655
"359",0.318966336464355,1.1100477693096
"360",-0.208453838306254,1.07833865528214
"361",0.0968194887258186,0.881805305394888
"362",-0.142829481559636,0.811339024254413
"363",-0.0432152693709786,0.799631011770791
"364",-0.0674020308897822,0.99113618472495
"365",0.0125590973171344,1.00122645593539
"366",-0.0567457210566157,0.960554633565569
"367",-0.120360061874887,0.838297599645063
"368",0.18602270848399,0.748265644708599
"369",-0.0675022100727691,0.978338518304846
"370",0.187020236010393,1.04386194347185
"371",-0.134807509628144,1.02448366609983
"372",-0.070261922766799,0.996104477218295
"373",-0.000527906090344985,1.00315770716139
"374",0.0134775194867516,0.939585694282633
"375",0.0958191895767054,0.981121353715796
"376",-0.0230177702280941,1.01539958463247
"377",0.110605645134135,1.1836907312797
"378",0.273630148823714,1.04073194342173
"379",0.00126259298085148,1.24484218792122
"380",-0.100919430098629,1.10869580561623
"381",-0.0445161513922085,1.3057710387098
"382",-0.22322066059495,0.98780309568587
"383",0.0160236331319857,0.789977014920217
"384",0.0692169525317027,1.08222452008791
"385",-0.038348780769899,1.07962414418022
"386",-0.177514361014404,1.00503265650424
"387",-0.088280284499904,1.17293006071189
"388",0.153577225615826,0.895458765801732
"389",-0.132092051019185,0.875035361552403
"390",0.078415906114893,0.652119378291617
"391",0.219756889296649,1.12294346392992
"392",0.0830869266083654,1.06311245729884
"393",0.084939167956395,1.07134756293724
"394",0.0647500362511576,0.999042704832092
"395",0.147215413659298,1.05784196481929
"396",0.115607670223317,1.11762579020717
"397",-0.0541253328683841,1.01472139014373
"398",-0.209560595242998,1.0014987640952
"399",-0.322381695820245,0.892494205806214
"400",0.0644118187472631,1.05399488730746
"401",-0.162146534344477,1.0987252547131
"402",0.0756004123459739,0.776900541492653
"403",-0.00676573636522569,1.06210260703614
"404",0.0245252193781278,0.928545124314868
"405",-0.0216856695055589,0.905578729990981
"406",0.217687802355325,1.19447077226107
"407",0.0165278308735928,1.11592545269875
"408",0.0737798115886199,1.09843878032041
"409",-0.100491836865603,1.0025566924728
"410",-0.0318261844368885,1.06092366086167
"411",0.0660724642432459,1.07954663493764
"412",-0.0466820111519032,1.09163003535116
"413",0.191762429453322,0.952481252838472
"414",0.15434570596187,0.955619337939793
"415",0.0217721708922489,1.0954817521907
"416",-0.088351895198129,1.02519573639534
"417",0.0799333661363306,1.02155451027793
"418",0.0423539909358039,1.03879424769902
"419",-0.253045336391466,0.948041129781616
"420",-0.0604671794917531,0.935148865217997
"421",-0.0286004068683599,0.96449728307077
"422",0.114618971189816,1.38809062182312
"423",-0.0377971167303974,1.34750188113187
"424",0.0610881542618555,0.83436036864357
"425",0.332226663833114,0.985710014366538
"426",0.0363124293649044,1.1639614984465
"427",-0.0751030984951636,0.806848568048277
"428",-9.03412794449131e-05,1.0402805959923
"429",-0.125676058306154,1.20316884910793
"430",0.159484063016273,0.917577428964125
"431",0.210162808825775,0.971636102464925
"432",0.302665780862908,1.00675921570341
"433",0.0615918268172161,0.821723268699528
"434",-0.0336321881612481,0.747710444769243
"435",-0.151235091460068,1.01114710781776
"436",0.0281713734731306,0.931787910257314
"437",-0.105878518890502,1.09975469274907
"438",0.205384862734935,1.26060278652254
"439",0.167799537277324,1.00495606385804
"440",0.0588119474332834,0.868357371489785
"441",0.0574880447725989,1.1107932491165
"442",-0.0137656089233902,0.98024624248295
"443",0.171056781987819,1.15120385662726
"444",0.0245825307877414,1.07232756280901
"445",0.05901276870036,0.765853174632551
"446",0.154031073393918,1.03104697716379
"447",0.169814609523933,0.93924004216308
"448",0.0926568853346985,1.28325944456045
"449",0.0331932696219613,0.779326099282328
"450",-0.00508543699780945,0.808875084429258
"451",0.225650047585871,0.932701593217965
"452",-0.122506567623578,0.9710502004641
"453",-0.0686257109460926,1.02937105087672
"454",-0.139595379420804,0.96955919745106
"455",0.136794961784365,0.836726515786883
"456",-0.261087463598417,0.969697078461173
"457",-0.179175537157212,0.930513981379591
"458",-0.0612220141459901,1.32373468284889
"459",-0.0959782331444019,0.99977678216787
"460",0.0687888308079733,0.976532249814751
"461",-0.231118616936674,1.09231455042117
"462",-0.0542585957966167,0.885256260756039
"463",-0.0160371873263361,1.16192649547413
"464",-0.100095953200127,1.12951929082062
"465",0.193087444084757,1.11110422477113
"466",0.0344113237895828,1.14838062791324
"467",0.00731442848775977,1.20935775093752
"468",0.117216783562653,0.927150595536097
"469",-0.188059488013826,1.06515671823785
"470",-0.239739638239803,0.904155441675074
"471",0.107026804387055,0.88477357210225
"472",-0.0589972372200853,1.06838816055591
"473",-0.0591821148863243,0.919104085223725
"474",-0.139037273195115,0.872137921117196
"475",-0.089961394100225,0.783684416449932
"476",0.0979422421595256,0.995199286982046
"477",0.0389442516874549,0.992267492892407
"478",0.114354700102266,1.26005791787055
"479",0.0265766661395784,1.00085085975609
"480",-0.00482595866724748,0.854668634053007
"481",0.0827674510980631,1.13082127195421
"482",0.109810541487627,0.946585301705735
"483",0.00944043820287676,0.917255432408502
"484",0.118449698458254,0.94785421051471
"485",-0.00291364505972537,1.08043443349797
"486",0.0525264304499982,0.954507202164507
"487",0.0477971715143193,1.17732825097491
"488",-0.0683503190227559,0.969016278588494
"489",-0.107748986598938,0.953057124205134
"490",-0.012767343005053,0.938255213267191
"491",0.033664968386418,1.16508521488729
"492",-0.0887198323562805,0.937094552925696
"493",-0.17961104019524,1.03442886284979
"494",0.0653891636622117,1.13746933612837
"495",-0.159845390388553,1.10369398860902
"496",-0.0590962945646462,1.20169070520949
"497",-0.0530870446377804,1.14315609068848
"498",-0.0618835107968399,1.06113119455979
"499",-0.0937253251513912,0.960387508191471
"500",0.136739135377634,0.955072787427952
"501",0.0416557353441949,-0.97464536329386
"502",-0.587694672771887,-0.880514531151469
"503",1.48018364793915,-1.00748706763262
"504",-0.19570587550784,-1.14561315184158
"505",0.108794183001985,-0.995890638222838
"506",-0.27032167444607,-1.10596463602399
"507",0.194375378600432,-1.1855192916251
"508",0.964024209070874,-1.20783413149998
"509",-0.238525010012844,-0.800453012283465
"510",1.30285922930078,-0.627091715162773
"511",-1.02476726171847,-1.24631199887669
"512",0.957936082875315,-1.18685082684278
"513",-0.857851812860817,-0.853364175553896
"514",0.681511826783474,-0.899457576152417
"515",-0.476614273646027,-1.15248507738741
"516",-0.548219991323601,-1.21546157376873
"517",-0.996329688368387,-0.842319061834811
"518",0.26745987508858,-1.16810623281646
"519",-0.164935545750895,-1.05049676242022
"520",-0.145556930549943,-1.01630087096311
"521",0.654376626989374,-1.0092583050307
"522",1.94785838883249,-1.20643556993036
"523",-0.0264733503543413,-1.02170535211404
"524",0.558258852984222,-0.754243833695136
"525",0.052313430425933,-0.982949105471608
"526",1.23071581204483,-1.12441229189846
"527",0.47417025886134,-0.915790916727726
"528",-0.955516261194021,-0.820679096828948
"529",-0.35710591738882,-1.0890814879573
"530",-0.554524351421446,-1.0652118444211
"531",-0.521580535796254,-0.895945053687229
"532",1.15973114541732,-1.0766926274848
"533",0.667208652312796,-0.902844337860109
"534",0.989201090319485,-1.03586841615333
"535",-1.3014694799664,-0.749357897259504
"536",-1.1182946435017,-1.09577743058202
"537",-1.45420556855767,-0.85029439406944
"538",0.650985821146847,-0.943618129368615
"539",0.60368449022699,-0.995744580750043
"540",0.106615427886314,-0.705584422709181
"541",-1.88504573879661,-0.948842663131202
"542",0.0307960352251862,-0.719456883995093
"543",1.43177669813683,-0.814703302359114
"544",0.0634631431192943,-0.798127866895972
"545",0.847644202726741,-1.0430959902191
"546",1.01981753466582,-0.823723189633751
"547",-0.156208156949571,-0.849436956548614
"548",0.861168120035409,-0.937376931459512
"549",1.73365431529394,-0.905609360222038
"550",-1.10224285114012,-0.980257505145979
"551",0.166864479166887,-0.999288622207164
"552",-1.21869895080121,-1.22415245469867
"553",-0.388625231580083,-1.16556139523725
"554",0.776254142315755,-0.829761289957978
"555",1.16220628438751,-1.08940685163494
"556",0.549154455209687,-0.999286377191317
"557",-1.05199239776957,-0.972516745076634
"558",0.589913455718145,-0.956703164153069
"559",0.0573534157470107,-1.04650249723352
"560",-0.639615778322143,-1.23767973025847
"561",0.4383660368644,-0.848515940243121
"562",-0.604772490383871,-1.2245973286355
"563",0.282095859406268,-0.671480442279761
"564",-0.631450640875924,-0.782754933860794
"565",0.345068340134269,-1.25866075696565
"566",1.23253747511808,-1.08881292677852
"567",0.405317767549616,-0.988801197560508
"568",0.593991333584646,-0.93613963574323
"569",-0.470379018839077,-1.12222052512463
"570",-0.819758754117928,-1.21306662350873
"571",0.943586477479755,-1.1981085530354
"572",0.274453766358954,-0.938554315484449
"573",-1.56320076583635,-1.05975049250024
"574",-1.61666725277196,-1.04236167016548
"575",0.0181100339549365,-1.16823613405152
"576",-0.0173985179540387,-1.11146042478868
"577",-0.492577049395796,-1.0667903857564
"578",-0.735528245428305,-1.04143127624273
"579",-1.27525243555573,-1.05023056615778
"580",-0.357919880119506,-1.14942980296967
"581",0.701353134912854,-1.06025847805136
"582",-0.586679857355575,-1.12977793080211
"583",0.0145317561362156,-1.13621840185731
"584",0.604437903366778,-0.83599343694609
"585",-0.470087661172937,-0.943993266172042
"586",0.498241215055087,-0.943681872087236
"587",-0.212013565767162,-0.935004549617495
"588",-0.935808081542737,-1.01303467248874
"589",-1.06126528878521,-0.995501175140762
"590",-0.342203730688646,-0.854607743349012
"591",0.641123901273152,-1.06195732413063
"592",0.151438547658023,-0.951184725944781
"593",0.914581578225394,-0.85069020318062
"594",-0.930205658194421,-0.963552100633046
"595",-0.94370864997908,-0.938422451981904
"596",0.506842758494093,-1.08450449710473
"597",-0.872405307889917,-0.975012962101523
"598",-1.03650147911524,-1.12332913896133
"599",0.0960426204745028,-0.973780325687495
"600",-0.757620407347141,-0.947062214476893
"601",-0.11056464209129,-0.921256277153121
"602",0.29298755606217,-1.06971521717376
"603",1.18736607017777,-0.923985318999846
"604",0.4727556437275,-0.987537542975516
"605",-0.224799939964199,-0.87093741778824
"606",0.165109347202942,-0.957216723247416
"607",-0.695859601498761,-1.04314102856473
"608",2.05753715774052,-1.00104471660528
"609",0.298495258330425,-1.12590656041916
"610",0.282709385221678,-1.08505525332833
"611",0.390881617854615,-1.07855770184868
"612",0.0629685567533626,-0.973163754122597
"613",-0.417354704409669,-0.974560037666598
"614",0.755597975668437,-1.14991347690772
"615",0.482202695728598,-1.02332103558284
"616",-0.97075589170618,-0.781094286181062
"617",0.962341301794955,-0.929592541555622
"618",-0.533446111923415,-1.1047682911955
"619",1.09673541536566,-1.0309702736636
"620",-0.451141842246464,-0.818313937164608
"621",-1.04045095671601,-0.766701375246469
"622",-1.38278488190456,-1.23190090784904
"623",0.251453144550565,-0.945317655527775
"624",-0.618550999531984,-1.26487511123558
"625",0.49088157696356,-1.03325478688902
"626",0.860353397398102,-0.839387592042381
"627",0.183770479054672,-1.21964740378282
"628",-1.65238344873272,-1.09491604842487
"629",-0.834896798349128,-0.766606934070008
"630",0.492579673676774,-0.98309483755949
"631",-1.06396449454406,-0.918155897050893
"632",-0.193766704604856,-1.03732369611798
"633",-1.56497802113544,-0.752996685973513
"634",0.55323863310765,-0.869473073250637
"635",-1.00668003804409,-0.944082050347858
"636",0.0635390849757181,-1.07390391895229
"637",0.587904303092635,-0.962441679554411
"638",0.0404878265256227,-0.943369122258408
"639",-0.203117991743821,-1.00339996439603
"640",-0.0865744668130204,-0.891322844402755
"641",-0.0343899558559325,-0.841728091553374
"642",1.05624590327801,-1.09406072674763
"643",0.362332697739306,-1.18859840610161
"644",-0.454599744211817,-1.12302682370489
"645",-0.260486331001359,-0.968049772864128
"646",0.320352885834059,-1.10586620130255
"647",0.233384729111786,-0.973733058409995
"648",-0.993982847871319,-0.900496297743796
"649",-0.605067211147803,-0.998648478880959
"650",1.26964537729132,-1.01341505965711
"651",-0.0579483849695343,-0.905939692465565
"652",0.564858234527812,-1.01446069309845
"653",0.225353996554686,-1.31858569844977
"654",0.347404063707758,-0.807081882349051
"655",0.117728126599022,-1.17085177209562
"656",-0.597553170820703,-1.00296186280747
"657",-1.24882148095922,-1.08019759128047
"658",-0.953807618632156,-1.15551475292242
"659",0.63302541332424,-0.909523921561756
"660",0.392909094998218,-1.09358064515096
"661",0.260929756762844,-1.06553924263243
"662",1.35627404247703,-1.17239894255488
"663",0.557748638597956,-1.02425849611878
"664",0.556633465315376,-0.943878000972096
"665",-1.13983625857046,-0.999633318365183
"666",0.368066809875808,-1.08726237438113
"667",1.21105181991878,-1.30654836999272
"668",0.312397392172454,-0.848109552137274
"669",-0.182076841489762,-0.954358741331238
"670",0.402176304566098,-0.890857166552987
"671",0.173426219994006,-0.900751347600632
"672",0.779971088655315,-1.03210245566136
"673",1.14161080274388,-1.21053947458648
"674",-0.14489577845574,-1.06202210715972
"675",0.35862916318759,-1.03418407409411
"676",0.696834393822833,-0.993847314912907
"677",0.199991880129642,-1.22810857861941
"678",0.18172726421794,-1.1432310739947
"679",0.0270271863013062,-1.0818941745635
"680",-1.49264736084755,-0.785018085078614
"681",0.874920469344384,-1.11136109324957
"682",-0.24077120108661,-0.843375998234803
"683",0.666561945239742,-0.773467279271497
"684",-0.187741005536415,-0.949846279574615
"685",0.928851776718236,-1.01777003486974
"686",-0.0402025878349649,-1.14778661087117
"687",-0.513317822395125,-0.971636630247162
"688",-0.331643850793561,-0.996293550660673
"689",0.0362498039912377,-0.797357250574342
"690",0.217629052601496,-0.906203358116556
"691",-0.752663364674464,-0.938498511330053
"692",-1.37205180996764,-0.795388176654007
"693",-0.306885618700051,-1.15108688505288
"694",0.734706839362701,-1.09145831048812
"695",-0.33312430274324,-1.2409515063347
"696",0.470604653104203,-0.998737330621989
"697",0.168542469015814,-1.13752993360314
"698",1.2485571220347,-0.805694054355245
"699",-0.561639434125625,-1.19368683704595
"700",-0.0148064160446954,-1.1256757060751
"701",0.367163291143039,-1.17828263961156
"702",-0.194121652947999,-1.22189916057207
"703",-0.446545662642457,-1.00282514770426
"704",1.56910861218733,-1.01939023126426
"705",0.323864475997002,-0.831034106315691
"706",0.564440867142445,-0.885179010421856
"707",0.662308100211647,-1.02970413070076
"708",-0.16470217529131,-1.07424383860303
"709",-1.05110565963481,-0.815698054242872
"710",-0.698093223048114,-0.960730781670282
"711",0.456320155560312,-0.889542040619134
"712",0.112072350064324,-1.02197136487891
"713",-0.279638426814832,-0.795522214626447
"714",-0.837414497868728,-1.07920080128467
"715",-1.00845342192925,-0.792455060992178
"716",0.930313314832875,-1.00298636203948
"717",0.838238906357995,-1.04209325570534
"718",0.338096674263844,-0.939346671674454
"719",-0.138089596330968,-1.08458225952293
"720",0.23765501685836,-0.705114884719483
"721",0.688106163445881,-1.09214855564233
"722",0.261287172786787,-0.930123570277863
"723",1.05623381807901,-1.04717085955561
"724",-0.493156235012067,-0.866778562136632
"725",-0.50453321942069,-0.797863283218013
"726",1.16965777264677,-0.831583080377866
"727",-0.623147961280373,-1.06685584933576
"728",-0.306035794809231,-0.937268826823965
"729",-0.805795165519646,-1.20260373187074
"730",0.450160314653986,-1.02785676295433
"731",-1.47502725967936,-1.12201266640496
"732",0.931877555310641,-1.02490467393683
"733",0.452249728594484,-0.946935932292084
"734",-0.807044417245203,-0.963309017451089
"735",0.0987962185124501,-0.970496518341211
"736",0.403463238026453,-0.985470998343213
"737",-0.102142743315081,-0.62672472708785
"738",-0.527843191886193,-0.999042002944999
"739",0.222257269410988,-1.12693147023472
"740",0.568458783642103,-1.03058079894562
"741",1.18962911541563,-0.858135254411278
"742",0.0302687355186287,-1.01279408266171
"743",0.151175532789133,-0.865898414011984
"744",-0.680764423882591,-1.01553188515906
"745",-0.343226641124585,-1.01164571388531
"746",-0.436247588208252,-1.09833873004286
"747",0.40637674065846,-1.02962382088167
"748",-0.293249855835597,-1.1256567836351
"749",-0.0149823347693424,-1.14326391261338
"750",0.550201929978459,-1.21824407115291
"751",0.138364333170467,-0.929377975633961
"752",0.557771480829388,-0.73911239197169
"753",-0.548922353406788,-1.2593989419252
"754",0.563607719998812,-1.19974722349699
"755",0.319220050382366,-1.05941068317939
"756",0.029491114113089,-0.948458951445204
"757",-0.0701465206443621,-1.13913752936552
"758",-0.630856430066681,-1.03813605265976
"759",0.896866813812619,-0.474635201411926
"760",1.1048232057889,-0.996867854246213
"761",-0.214277919920493,-1.05731663895951
"762",-0.321894904288747,-1.07365730909209
"763",-0.870194078490989,-1.36838052515974
"764",-1.27050653141825,-1.16230937669168
"765",-0.0991857903151125,-0.914123184379117
"766",0.343210052105709,-0.944738270257819
"767",0.298647546713367,-0.995317975910327
"768",-0.155346336683821,-1.09960031975342
"769",0.23766484552516,-1.10148905572569
"770",0.919240142281753,-1.05449895397233
"771",0.249607610256436,-1.32190440248775
"772",0.494580977976338,-1.27505223709193
"773",0.255252613367377,-0.713626565032539
"774",-0.575207532012446,-1.18605636961291
"775",0.532361119619402,-0.691556213529745
"776",0.520675864209855,-1.10608745347385
"777",0.455025567434985,-1.1667070657172
"778",0.209510632501233,-0.644283711210272
"779",-0.638120771174715,-1.05859712230112
"780",0.704959456569601,-0.982316151869568
"781",-0.278363360055789,-0.769986213398295
"782",1.00067166041525,-1.11217993498976
"783",-0.514012449895893,-0.764670282494347
"784",-0.048716252441568,-0.868923648301147
"785",0.139356256032251,-0.974566780688531
"786",-0.382177288640222,-0.937728385283998
"787",0.0795742952390599,-1.12853172602147
"788",0.456678711576376,-1.10284275120419
"789",0.145014557129834,-0.987797099392571
"790",0.0402993811848067,-0.970988949037203
"791",-1.88966286836715,-1.30591535462914
"792",-0.731889651412618,-1.14091673586283
"793",0.0717384552037468,-1.05799289690358
"794",0.629964932310696,-1.00607217433704
"795",0.0703758654476752,-1.05409922031334
"796",-0.342355433654035,-0.899976257684765
"797",-0.555767249524904,-1.10723929458733
"798",-0.103953696767009,-0.926845109563361
"799",-0.746418778983015,-0.956742998662585
"800",-0.0980307726000863,-1.14763763871495
"801",0.241063773226746,-0.973591364002877
"802",-0.0730811480339578,-0.972747818813555
"803",0.872987546464426,-1.02198082194379
"804",-0.464975653720887,-0.97292760035599
"805",0.258239986361795,-1.04242100820445
"806",-0.251976009273915,-1.14597044428761
"807",1.87971113640045,-1.27060028477359
"808",0.293248968284142,-1.16137947325958
"809",-0.455214127793742,-0.769670231115364
"810",-0.604206698117813,-1.12395975861262
"811",1.19759798044862,-0.947657180161395
"812",0.250997410901718,-0.841707853028261
"813",0.0916693270854687,-0.967408563578962
"814",0.230051294206521,-0.880325879900834
"815",-0.782517352057484,-1.20004777490721
"816",-0.165391932782479,-1.12145592413148
"817",-0.730674961478217,-0.816328817900986
"818",0.476651825589448,-0.927893249634644
"819",0.621280496084942,-1.01170147562038
"820",-1.19431740397818,-1.20030397839133
"821",0.859960331512013,-0.603099540666743
"822",0.505797686949337,-0.87756506421598
"823",-0.872243772041333,-0.850316931030374
"824",-0.849439035138493,-1.28888353899905
"825",0.652629671726647,-1.08079229915124
"826",0.518747281830822,-0.659755500042909
"827",1.73256997955122,-1.20268913231164
"828",-1.49434434206138,-0.925786121223058
"829",0.469533258941628,-1.22856306737324
"830",-1.05873578759438,-0.944667208447925
"831",1.17790936697433,-0.918961214280759
"832",0.481691100869819,-1.16208141725109
"833",0.837593636965269,-0.824847993714017
"834",0.524603007490649,-0.934446487992566
"835",-0.436887302678137,-0.709878908610104
"836",-0.210382040340096,-1.12470692013666
"837",-0.726999210357367,-1.13319776540039
"838",0.074598114798755,-1.0612372229183
"839",-0.719325981618783,-0.941776027847415
"840",-0.542986102622359,-1.09855742982523
"841",0.132830582537456,-1.03716826884526
"842",0.00813230360188519,-0.63308407735312
"843",-1.50865466652133,-1.17115527910297
"844",-0.968291554797946,-0.907981945134587
"845",1.29296323267612,-0.979427440634737
"846",0.356895072984899,-0.958768598998413
"847",0.284248058631545,-1.01059567020408
"848",-0.179659290583925,-0.759583670333059
"849",-0.291040245171821,-1.00596314280147
"850",0.125392852930562,-1.01049066396909
"851",-0.736517849761258,-0.998509486177211
"852",-0.416075542826069,-1.30355652495616
"853",0.0682550677894097,-0.884150886713278
"854",-0.996454468750044,-1.06416332197958
"855",0.0233332222992693,-0.921817480025424
"856",1.03164137489778,-0.865263684248825
"857",0.169644605594749,-0.905954834011283
"858",0.118235687221894,-1.02427803755416
"859",0.391690855353903,-0.953987380487416
"860",-0.44631986889549,-0.949839598046165
"861",-0.147308343055295,-0.852991594759953
"862",1.30942842056876,-1.01928925346358
"863",0.0956594307545609,-0.97573625290901
"864",1.14259010523984,-1.08178288785334
"865",-0.0835823994895765,-1.01183040913847
"866",1.27592527527704,-1.03950768942742
"867",-0.117165790611194,-1.15377948443973
"868",-0.0517484018473106,-0.994796330103053
"869",-0.29469748042776,-1.13123947627559
"870",0.771411962515309,-0.802036860533035
"871",0.739321020100931,-1.02605910345378
"872",0.546416912066566,-0.966059748841741
"873",-0.990277069037671,-1.05163417035017
"874",0.109376698008933,-1.11315451330511
"875",1.02484116048546,-0.955595217311157
"876",0.474412828815149,-1.01960146387622
"877",0.404639794204796,-1.15943225031691
"878",-0.553211969627957,-1.12428326263272
"879",0.867331944537268,-0.779798983413797
"880",0.453514737556183,-1.08224179515708
"881",0.965322831697289,-0.895870507970536
"882",0.462130262570514,-0.934021621864626
"883",0.242828707337064,-0.876498443472329
"884",-0.41517376971613,-0.774566233643353
"885",0.248836678869573,-0.941741659744493
"886",0.174869806232879,-1.25725101143624
"887",-0.560281355026024,-0.85573707982252
"888",1.11019866979334,-1.22314891973918
"889",0.658230350024899,-1.05282323317316
"890",-0.705135160970957,-1.0551788591419
"891",-0.336343293894107,-0.874425499646871
"892",0.455456616161791,-0.898354576832238
"893",-0.855337506819866,-0.952970657661803
"894",0.0180168744469463,-1.2917075551587
"895",-0.827065063881067,-1.03818604239865
"896",-0.941382216074358,-1.18310891683511
"897",1.61612228216275,-0.988995397354247
"898",-0.489853316810688,-0.929584480187579
"899",0.680449909808639,-1.10182345087976
"900",0.318395795307561,-1.23938239579498
"901",-0.632149239581195,-0.983515822857727
"902",0.168760647349131,-0.87846890430235
"903",-0.846992797498461,-1.10198161114316
"904",0.656491248844052,-1.05921459704327
"905",-2.08315422420098,-1.12230563119742
"906",-0.0674088214824386,-0.816559692838362
"907",-0.7733046550893,-0.885477559278832
"908",-0.0908015581878087,-1.02752630036159
"909",0.928196419741769,-1.10655040721192
"910",0.259672910727305,-0.99213940498631
"911",0.810119594760103,-1.15634116680135
"912",-0.377311739866774,-0.73424204468472
"913",1.38790506146279,-1.06556813288443
"914",-0.10201354727588,-0.968839233089572
"915",-0.380346245418464,-0.916452566183576
"916",0.777851762157093,-0.961077013630029
"917",-1.10172349543222,-1.3329213641256
"918",1.35459956381616,-1.03117225199998
"919",-0.241359265733144,-0.742144647482728
"920",0.096180736778116,-0.969524593976904
"921",-0.344105577868618,-1.03929325423496
"922",-0.185274700700791,-0.879498877539001
"923",-0.929559995065138,-1.21009434144535
"924",-1.90849800165405,-1.06672771202009
"925",0.00561218989538666,-1.32751245261853
"926",0.509311892329834,-0.997112579781001
"927",1.31762261248438,-0.936667286989775
"928",-0.142363754293886,-0.890876825899497
"929",0.791612149181572,-0.663706265040207
"930",0.378858054113638,-0.958705470143482
"931",-0.149507343572747,-1.072214610355
"932",-0.471228148517921,-0.845133080924077
"933",1.13019503629124,-0.92187388389084
"934",1.81833375982145,-0.938699000498397
"935",0.688083606804051,-0.674658198445581
"936",-0.217602305403211,-0.689392743659673
"937",0.285742173007453,-0.891798843866417
"938",-0.849219313019629,-0.945205269827789
"939",-0.569748759652341,-0.942212657489033
"940",0.273687512530346,-1.02117135388442
"941",0.413101740517203,-0.951991335030964
"942",0.152255701227128,-0.786191891730567
"943",0.769566771719537,-0.923880185448555
"944",0.58332350478956,-0.954012213943641
"945",0.767454283500036,-0.67434210589891
"946",1.10872543516048,-0.783187484759351
"947",0.240923142719246,-1.08594659758523
"948",0.242565513506702,-0.708532488453298
"949",-1.16202897915407,-1.14261774473873
"950",0.139137897350509,-0.974182200985529
"951",-0.0506078040706398,-1.22256521752112
"952",-0.542800625924397,-0.954974416679642
"953",0.632728903099965,-0.742409809633265
"954",0.362177360120406,-1.00262074165918
"955",0.467819994894123,-1.07205077536414
"956",-0.0216618828905975,-0.919146107435122
"957",0.0325218777038833,-1.05259109877456
"958",0.095619651063796,-0.769981381177209
"959",0.716514983562512,-1.12223786977135
"960",-0.0908873781046048,-0.875843807262704
"961",-0.0492935029822396,-1.0143280814684
"962",-0.370669358447077,-0.983336104503704
"963",-0.0359689307830837,-1.00095786303285
"964",-0.207441034012555,-0.932600920357465
"965",0.748805180974412,-0.732211610956992
"966",0.596212459607393,-1.13190673718131
"967",-0.332288420680334,-1.00178805172268
"968",-0.357659456704664,-0.875578262682268
"969",-0.652385099288067,-0.952268716584031
"970",-1.20529272742762,-0.917097756939439
"971",0.234139534739888,-1.03259237639323
"972",0.662090578411535,-0.866715561505859
"973",1.32190044479611,-1.15422498996703
"974",1.80703757694466,-0.768280990879187
"975",-0.86431973853948,-1.16735676312144
"976",-0.722200754987742,-1.10655093525815
"977",0.625949201469998,-1.22594941294783
"978",0.0603140190440635,-0.786698781617922
"979",-0.00641605415307113,-1.05032145131317
"980",-0.141298198587591,-1.10306593337378
"981",-1.58865468518071,-0.956556870238644
"982",1.27614807518094,-1.08412397305132
"983",1.42512166729476,-0.992125841309875
"984",0.489169120225269,-1.15248125728042
"985",-0.527928300185381,-0.903568756269891
"986",-1.09368722133101,-0.756042921863078
"987",-1.25949716351724,-1.03336337594727
"988",0.712612761595457,-1.05633940448596
"989",0.00737480842453859,-0.950028893547871
"990",1.20734371045023,-1.01411860797951
"991",0.79947951065672,-1.22631060467524
"992",0.046955415249289,-0.917235493505587
"993",-1.02710873505932,-1.08615166740342
"994",-0.002152520547558,-0.839993576671107
"995",0.326307792362642,-0.940157152734336
"996",-0.0824556601244407,-0.948390880529583
"997",0.080267683541046,-1.09404156062075
"998",0.812621854330661,-1.02208066211989
"999",-0.955427539857172,-1.05127021657743
"1000",-1.05068882403875,-0.908329047030941
